feature,importance_mean,importance_std
MEMORY,0.007300000000000017,0.0010178408519999668

